Contributor	Nickname
Aches	Aches
Adaine	Adaine
Azriah	Adaine
Hegend	Adaine
Pundububu	Adaine
Adanis	Adanis
Palim	Adanis
Pragen	Adanis
Aegorax	Aegorax
Aithiel	Aithiel
Denle	Aithiel
Desiriah	Aithiel
Concsalot	AjHammock
Meatstealth	AjHammock
Algorian	Algorian
Alhanastar	Alhannastar
Alhannastar	Alhannastar
Adytha	Allexie
Allexie	Allexie
Allexie/Lireala/Bryllie	Allexie
Bryllie	Allexie
Lireala	Allexie
Rilea	Allexie
Soairse	Allexie
Trilysa	Allexie
Amarànth	Amaranthus
Amarànthe	Amaranthus
Amarànthine	Amaranthus
Amaranthus	Amaranthus
Amarànthus	Amaranthus
Amsalmon	Amsalmon
Aquinne	Amsalmon
Anamist	Anamist
Ancor	Ancor
Jmes	Ancor
Veriganiv	Ancor
Verigansgun	Ancor
Zappbranegan	Ancor
Angelseyes	Angelseyes
Bankeyes	Angelseyes
Gryphinswill	Angelseyes
Hawkseyes	Angelseyes
Phoenixeyes	Angelseyes
Raveneyes	Angelseyes
Angrygarry	Angrygary
Angrygary	Angrygary
AngryGary	Angrygary
Barelygary	Angrygary
Bloodygary	Angrygary
Gary	Angrygary
Happygary	Angrygary
Hiddenergary	Angrygary
Hiddengaryii	Angrygary
Hiddernergary	Angrygary
Hidegarybank	Angrygary
Lonelygary	Angrygary
Uselessgary	Angrygary
Anniee	Anniee
Malbec	Anniee
Apolkor	Apolkor
Apollo	Apollo
Apollojr	Apollo
Apollonius	Apollo
Appollonius	Apollo
Hathsen	Apollo
Apophotep	Apophotep
Apostâsy	Apostasy
Wimp	Apostasy
Aragas	Aragas
Arcanius	Arcanius
Blockanicus	Arcanius
Restalia	Arcanius
Archiebold	Archiebold
Arikena	Arikena
Fridgemagnet	Arikena
Misspells	Arikena
Shouty	Arikena
Sprokt	Arikena
Util	Arikena
Aritos	Aritos
Arrose	Arrose
UnknownExposure	Arrose
Asharok	Asharok
Mythn	Asharok
Astra	Astra
Astrabank	Astra
Astrachemica	Astra
Astradust	Astra
Astralibra	Astra
Astratree	Astra
Auauwu	Auauwu
Alystiria	Avandri
Avandri	Avandri
Lightenity	Avandri
Amanthis	Azaelios
Arthalor	Azaelios
Azaelios	Azaelios
Bellais	Azaelios
Berahas	Azaelios
Dilirra	Azaelios
Myrlidoras	Azaelios
Pamarine	Azaelios
Sweetiefox	Azaelios
Tenathroy	Azaelios
Baldshep	Baldshep
Touchyshep	Baldshep
Twangshep	Baldshep
Baldystab	Baldystab
Ballztam	Ballztam
Dinnertaco	Ballztam
Dnrdni	Ballztam
Balon	Balon
Vlfberht	Balonis
Barbablanca	Barbablanca
Aimassist	Basaran
Basaran	Basaran
Wetpopcorn	Basaran
Bashalot	Bash
Silverclaw	Bash
Bearsome	Bearsome
Becxi	Becxi
Benkill	Benkill
Beodha	Beodha
Soliso	Beodha
Berg	Berg
Comewizard	Berg
Bigbellybill	Bigbellybill
Bigred	Bigred
Bigréd	Bigred
Bigsmitesboi	Bigsmitesboi
Bankofbimbo	Bimbo
Evilbimbo	Bimbo
Mysticbimbo	Bimbo
Bintang	Bintang
Bladorthin	Bladorthin
Blarggy	Blarggy
Blarly	Blarly
Blavodii	Blav
Blavodiv	Blav
Tankblav	Blav
Aginor	Blood
Almeara	Blood
Aludra	Blood
Berishasedai	Blood
Blood	Blood
Blood/Lews	Blood
Bloodbánk	Blood
Bloodknife	Blood
Covril	Blood
Elyas	Blood
Erithofalar	Blood
Ingtar	Blood
Lews	Blood
Myaxe	Blood
Sumeko	Blood
Verinmathwin	Blood
Argothia	Bloodbought
Bloodbought	Bloodbought
Faithalone	Bloodbought
Blowlips	Blowlips
Bobnorman	Bobnorman
Bofurr	Bofurr
Bombie	Bombie
Birdformirl	Bonker
Bonker	Bonker
Cad	Bonker
Diggusbickus	Bonker
DiggusBickus	Bonker
Digusbickus	Bonker
Kristinsbaby	Bonker
Silliussodus	Bonker
Argobank	Boughtwithblood
Argotha	Boughtwithblood
Boughtwithblood	Boughtwithblood
Gracealone	Boughtwithblood
Hediedforyou	Boughtwithblood
Kjvonly	Boughtwithblood
Savedwretch	Boughtwithblood
Bowshock	Bowshock
Bladesong	Bowsong
Bowsong	Bowsong
Ravensong	Bowsong
Scarletsonja	Bowsong
Bravewing	Bravewing
Tielve	Bravewing
Brynicks	Brynix
Brynix	Brynix
brynix_1775	Brynix
Brynixx	Brynix
Bstiality	Bstiality
Spankinbank	Bstiality
Bunbun	Bunney
Bunney	Bunney
Bunnyowned	Bunney
Buodicca	Buodicca
Kamariana	Buodicca
Sonra/Buod/Kamar	Buodicca
Sonragon	Buodicca
Sonragon/Buodicca	Buodicca
Astradi	Burninator
Burninator	Burninator
Burnsouls	Burninator
Alchstuff	Burninglove
Bsstuff	Burninglove
Burninglove	Burninglove
BurningLove	Burninglove
Bussy	Bussy
Moneybussy	Bussy
Superbussy	Bussy
Ultrabussy	Bussy
Buster	Buster
Candyman	Candyman
Jozie	Candyman
Bigolebank	Capt
Capt	Capt
Cathbhadh	Cathbhadh
Cathbhádh	Cathbhadh
Cáthbhádh	Cathbhadh
Aliserina	Celestana
Celestana	Celestana
Haawk	Celestana
Hellsedge	Celestana
Ladiehawks	Celestana
Tinyrage	Celestana
Ursas	Celestana
Cerydra	Cerydra
Cifera	Cerydra
Herta	Cerydra
Hysilens	Cerydra
Cesrel	Cesrel
Chaelic	Chaelic
Sorti	Chaelic
Tyko	Chaelic
Voxs	Chaelic
Cheetosdust	Cheetosdust
Hobbitfeet	Cheetosdust
Andaspir	Chewbaggins
Annane	Chewbaggins
Chewbagginns	Chewbaggins
Chewbaggins	Chewbaggins
Chewbaginns	Chewbaggins
Cliander	Chewbaggins
Kassaritha	Chewbaggins
Chipum	Chipum
Cjcjman	Cjmann
Cjman17	Cjmann
Cjmann	Cjmann
Cjtheman	Cjmann
Clear	Clear
Itsmeclear	Clear
ItsmeClear/Vixinator	Clear
Milligram	Clear
Vixinator	Clear
Woolen	Clear
Clef	Clef
Dirkette	Clef
McQ	Clef
Téigharís	Clef
Clerroy	Clerroy
Hodandase	Clerroy
Hodandise	Clerroy
Hodandose	Clerroy
Hodanduse	Clerroy
Clev	Clev
Shadowly	Clev
Clyde	Clyde
Clydê	Clyde
Kaggy	Clyde
Kuniharu	Clyde
Wrynnx	Clyde
Conoritina	Conoritina
Pinpointe	Conoritina
Pockette	Conoritina
Brudela	Constany
Constany	Constany
Briceroy	Cranky
Butterstoch	Cranky
Chezzyfolwr	Cranky
Cranky	Cranky
Friartukk	Cranky
Furbag	Cranky
Iceedge	Cranky
Imdeadtoo	Cranky
Konfour	Cranky
Kongarth	Cranky
Kongarth/Cranky	Cranky
Kontigo	Cranky
Oldncranky	Cranky
Snowchance	Cranky
Sortasafe	Cranky
Sumthinsimpl	Cranky
Sunuva	Cranky
Tmmbrr	Cranky
Crenix	Crenix
Argh	Croski
Atmeh	Croski
Croski	Croski
Lockytocky	Croski
Cordeiro	Crucible
Crucible	Crucible
Cruciblebank	Crucible
Echoo	Crucible
Franttic	Crucible
Holymoly	Crucible
Rachelxx	Crucible
Socom	Crucible
Underøatth	Crucible
Crumblejon	Crumblejon
Cruzz	Cruz
Boopubulp	Crysania
Crysania	Crysania
Nuitarri	Crysania
Raistlynne	Crysania
Starrbreezze	Crysania
Cuttlass	Cuttlass
Aurafarmin	Cyndrith
Axesdenied	Cyndrith
Cyndrbank	Cyndrith
Cyndrith	Cyndrith
Locksmaxxing	Cyndrith
Scamlikely	Cyndrith
Strawberri	Cyndrith
Daglin	Daglin
Dalibor	Dalibor
Dalinar	Dalinar
Dalínar	Dalinar
Ðalìnar	Dalinar
Pillar4422/Dalinar	Dalinar
Beltrixia	Dapriest
Dapriest	Dapriest
Scyllaria	Dapriest
Darthcrusade	Darthhunt
Darthhunt	Darthhunt
Darthhunter	Darthhunt
Darthhuntjr	Darthhunt
Darthlock	Darthhunt
Darthrogue	Darthhunt
Darthstealth	Darthhunt
Chaoshappens	Deathhappens
Deathhappens	Deathhappens
DeathHappens	Deathhappens
Dozhu	Deathhappens
Lifehappens	Deathhappens
Deathnipple	Deathnipple
Deeziz	Deeziz
Dehuntress	Dehuntress
Demage	Dehuntress
Depally	Dehuntress
Derogue	Dehuntress
Deroguette	Dehuntress
Fatbanker	Dehuntress
Fatfafo	Dehuntress
Fatlock	Dehuntress
Fatpapa	Dehuntress
Fatred	Dehuntress
Katmando	Dehuntress
Llola	Dehuntress
Magealicious	Dehuntress
Phatback	Dehuntress
Phatbanktoo	Dehuntress
Phatfoodbank	Dehuntress
Phatkat	Dehuntress
Shadowit	Dehuntress
Slingblade	Dehuntress
Zehuntress	Dehuntress
Zewarriah	Dehuntress
Bankofdeves	Deves
Bozaloz	Deves
Deeves	Deves
Deves	Deves
Devesbag	Deves
Devescloth	Deves
Devesde	Deves
Devesdhquest	Deves
Devesherb	Deves
Devesleather	Deves
Devesmeat	Deves
DevesMining	Deves
Devesore	Deves
Kindamagic	Deves
Kurgan	Deves
Likebeer	Deves
Rasputn	Deves
Robart	Deves
Truearrow	Deves
Zxlecya	Deves
Deythh	Deythh
Diaxiristis	Diaxiristis
Dijos	Dijos
Fathermarc	Dijos
Dingytomato	Dingytomato
Discia	Discia
Doihaveto	Doihaveto
DoIhaveto	Doihaveto
Igotus	Doihaveto
Ltlgun	Doihaveto
Vctrygun	Doihaveto
Diddy	Donny
Diddypriest	Donny
Diddysbank	Donny
Diddysmage	Donny
Diddysthongs	Donny
Donny	Donny
donny(diddy)	Donny
Donny(diddy)	Donny
Maxxine	Donny
Nipleback	Donny
Shikamarue	Donny
Donutcop	Donutscop
Donutscop	Donutscop
Dotnrun	Dotnrun
Eternalsheep	Dotnrun
Dqms	Dqms
Æxorcist	Draeden
Aexorcist	Draeden
Bäelan	Draeden
Bittyboom	Draeden
Bittydoom	Draeden
Bittywizz	Draeden
Chëmikill	Draeden
Daelan	Draeden
Däelan	Draeden
Draeden	Draeden
Thaelan	Draeden
Thäelan	Draeden
Thräe	Draeden
Vangore	Draeden
Allcraft	Dredga
Allmystuff	Dredga
Balau	Dredga
Dredga	Dredga
Dredga/Balau	Dredga
Dredga/Mala	Dredga
Malabalanala	Dredga
Shmarple	Dredga
Bankrobero	Drorn
Drodoc	Drorn
Drorg	Drorn
Drorn	Drorn
Drorn/Gartrodias	Drorn
Gartrodias	Drorn
Gartrodiette	Drorn
Rorobero	Drorn
Drunkengunman	Drunkengunman
Gottapewpew	Drunkengunman
Invincibuble	Drunkengunman
Neverrender	Drunkengunman
Duckmeister	Duckmeister
Duet	Duet
Dùet	Duet
Durr	Durr
Dyingisinme	Dyingisinme
Dzakal	Dzakal
Havocman	Dzakal
Earfarmer	Earfarmer
Edgelord	Edgelord
Edgelordxx	Edgelord
Fentwarlordx	Edgelord
Littlelordxx	Edgelord
Scumlordxx	Edgelord
Edie	Edie
Meily	Edie
Lockhallz	Ehallz
Eilaurowen	Eilaurowen
Feuerfinger	Eilaurowen
Immabanker	Eilaurowen
Jägerin	Eilaurowen
Knistra	Eilaurowen
Rdytopound	Eilaurowen
Readytopound	Eilaurowen
Roterbart	Eilaurowen
Saumheld	Eilaurowen
Seelenruh	Eilaurowen
Silnceikillu	Eilaurowen
Wützkatze	Eilaurowen
Elatarsond	Elatarsond
Elfbuddy	Elfbuddy
Ellye	Ellye
Ellyea	Ellye
Ellythe	Ellye
Elythea	Ellye
Elphebia	Elphebia
Spirtuix	Elphebia
Emilybordelo	Emy
Emy	Emy
Émy	Emy
Êmy	Emy
Ëmy	Emy
Emy/Ripplaster	Emy
Palanaine	Emy
Plaster	Emy
Plaster/Palanaine	Emy
Enigma	Enigma
Eñigma	Enigma
Saturñ	Enigma
Såturn	Enigma
Envy	Envy
Énvy	Envy
Envybank	Envy
Elawynn	Eridani
Eridani	Eridani
Nyrelia	Eridani
Salythra	Eridani
Bradthahunta	Erok
Erok	Erok
Erokbank	Erok
Erokcloth	Erok
Erokherbs	Erok
Erokore	Erok
Erokprime	Erok
Erokstormz	Erok
Eroktheblack	Erok
Eroktheblade	Erok
Eroktheblue	Erok
Erokthered	Erok
Eroktheshade	Erok
Erokthewhite	Erok
Erokthewise	Erok
Erokwyld	Erok
Emahree	Estwing
Estwing	Estwing
Euey	Euey
Eunmi	Euey
Natsumi	Euey
Evanov	Evanov
Deadhead	Evolrider
Dozer	Evolrider
Evol	Evolrider
Evolrider	Evolrider
Tallulah	Evolrider
Fael	Fael
Faeld	Fael
Faelgreens	Fael
Faelm	Fael
Faelr	Fael
Faelx	Fael
Fcu	Fael
Reddybank	Fael
Reddycoin	Fael
Reddymeats	Fael
Theprecious	Fael
Faelyssa	Faelyssa
Fairytale	Fairytale
Fangified	Fangified
Demondungo	Fatherdungo
Dungooseven	Fatherdungo
Fatherdungo	Fatherdungo
Magicaldungo	Fatherdungo
Naturedungo	Fatherdungo
Sisterdungo	Fatherdungo
Warriordungo	Fatherdungo
Felolyna	Felolyna
Ferah	Ferah
Alvarny	Ferdly
Ferdly	Ferdly
Muddish	Ferdly
Muddyfoote	Ferdly
Muddysh	Ferdly
Mudish	Ferdly
Ceregner	Fireavatar
Fireavatar	Fireavatar
Fireblood	Fireavatar
Fireterra	Fireavatar
Flynn	Flynnie
Flynni	Flynnie
Flynnie	Flynnie
Riza	Flynnie
Acropolis	Foggi
Citibanque	Foggi
Eadan	Foggi
Foggi	Foggi
Michelin	Foggi
Quillis	Foggi
Suissecredit	Foggi
Forthebuoys	Forthebuoys
Fragile	Fragile
Fragilè	Fragile
Fragilébank	Fragile
Franklyn	Franklyn
Gerrock	Franklyn
Quincey	Franklyn
Scrab	Franklyn
Vetter	Franklyn
Freyas	Freyas
Freyja	Freyja
Freyjalise	Freyja
Frihealz	Frimagics
Frimagics	Frimagics
Frimagics/Frihealz	Frimagics
Frost	Cryofrost
Fröst	Cryofrost
Zenös	Cryofrost
Druidcorpse	Fruitless
Fruitadjac	Fruitless
Fruitadjacnt	Fruitless
Fruitlesbank	Fruitless
Fruitless	Fruitless
Fruitlessdin	Fruitless
Fruitlesswar	Fruitless
Fruitlestank	Fruitless
Roguefruit	Fruitless
Euless	Ftworth
Ftworth	Ftworth
Haltom	Ftworth
Bankchica	Fuegobellum
Fuegobellum	Fuegobellum
Paxus	Fuegobellum
Fumafuma	Fumafuma
Fumafumabank	Fumafuma
Fumafumaum	Fumafuma
Healaheala	Fumafuma
Bartenderrob	Fungus
Fungician	Fungus
Fungus	Fungus
Fungusfunds	Fungus
Fungusnuts	Fungus
Cymon	Gabreal
Gabreal	Gabreal
Gabreal/Lucifyr	Gabreal
Gabriel/Mykel	Gabreal
Lucifyr	Gabreal
Galanus	Galanus
Galatus	Galanus
Brainwaves	Gaph
Enchiridion	Gaph
Gaph	Gaph
Grinderman	Gaph
Kundalini	Gaph
Portishead	Gaph
Bankofmuffin	Gardenkeeper
Gardenkeeper	Gardenkeeper
Mânbearpig	Gardenkeeper
Muffin	Gardenkeeper
Rawcowsmeat	Gardenkeeper
Gate	Gate
Gemmanie	Gemmanie
Illastabbim	Gemmanie
Artémìs	Gheralt
Artoriusvigo	Gheralt
earthgoat	Gheralt
Gáston	Gheralt
Gheralt	Gheralt
Gheralt/ArtoriusVigo	Gheralt
Gherlock	Gheralt
Gibralta	Gheralt
Kylaar	Gheralt
Madpali	Gheralt
Nucor	Gheralt
Prìest	Gheralt
Rychtor	Gheralt
Tandÿ	Gheralt
Ynnfr	Gheralt
Ghinn	Ghinn
Lielinn	Ghinn
Ghromeo	Ghromz
Ghromer	Ghromz
Ghromly	Ghromz
Ghromster	Ghromz
Ghromz	Ghromz
Ghromzbank	Ghromz
Alvinia	Gimli
Arwén	Gimli
Geniuos	Gimli
Gimlet	Gimli
Gimli	Gimli
Gìmlí	Gimli
Gollum	Gimli
Malakaih	Gimli
Sevar	Gimli
Dotsu	Ginsu
Ginsu	Ginsu
Goingpostal	Ginsu
Hothoneybbq	Ginsu
Icecoldsixpk	Ginsu
Kidneystabr	Ginsu
KidneyStabr	Ginsu
Glorebeard	Glorebeard
Glorethazr	Glorebeard
Tykaroth	Glorebeard
Bienlinea	Glothur
Chrysostomus	Glothur
Glothur	Glothur
Zabrina	Glothur
Glowflare	Glowflare
Gnephe	Gnephe
Gnephelock	Gnephe
Inchwyrm	Gnephe
Aganebrojrjr	Gnombledor
Aganejrjrjr	Gnombledor
Gnombledor	Gnombledor
Locksquatch	Gnombledor
Sneaksquatch	Gnombledor
Wildsquatch	Gnombledor
Gnomii	Gnomii
Bankish	Gnormal
Gnoobie	Gnormal
Gnormal	Gnormal
Goldenbraid	Goldenbraid
Grandrol	Grandrol
Grarlpa	Grarlpa
Gratefuldab	Gratefuldab
Gratefulfail	Gratefuldab
Cameltow	Gravehound
Crackshot	Gravehound
Gravehound	Gravehound
Moomooet	Gravehound
Moomoommoo	Gravehound
Pickerone	Gravehound
Darthkagnomi	Grazedme
Grazedme	Grazedme
Tomyris	Grazedme
Greaper	Greaper
Roguegrizz	Grizzie
Aesri	Guild Bank
Aresi	Guild Bank
Aveladela	Guild Bank
Bankdumort	Guild Bank
Barnacle	Guild Bank
Bereave	Guild Bank
Bloodgear	Guild Bank
Chlamydiadh	Guild Bank
Deathsafe	Guild Bank
Dh	Guild Bank
Dhalchrecipe	Guild Bank
Dhbáñkalt	Guild Bank
Dhbsbnk	Guild Bank
Dhchantmats	Guild Bank
Dhcook	Guild Bank
Dhfifty	Guild Bank
Dhgear	Guild Bank
Dhhabedasher	Guild Bank
Dhmadleather	Guild Bank
Dhmeat	Guild Bank
Dhraiding	Guild Bank
Dhsixty	Guild Bank
Dhsmith	Guild Bank
Dhstorage	Guild Bank
Dhtailor	Guild Bank
Earis	Guild Bank
Feelinglucky	Guild Bank
Garysdhbank	Guild Bank
Geldfrau	Guild Bank
Ghromzskins	Guild Bank
Guildhelp	Guild Bank
Hcwwp	Guild Bank
Irsea	Guild Bank
Isera	Guild Bank
Kharnbandage	Guild Bank
Kilroy	Guild Bank
Leinenlord	Guild Bank
Musterbuch	Guild Bank
Naehwerk	Guild Bank
Reasi	Guild Bank
Risae	Guild Bank
Sarie	Guild Bank
Sayaflowers	Guild Bank
Sayapots	Guild Bank
Seari	Guild Bank
Siare	Guild Bank
Smeltmenot	Guild Bank
Sreai	Guild Bank
Sriae	Guild Bank
Stashley	Guild Bank
Strangles	Guild Bank
Againagain	Gunchick
Gunchick	Gunchick
Gwaid	Gwaid
Bikinislayer	Gygaxson
Gygaxagyg	Gygaxson
Gygaxbank	Gygaxson
Gygaxigerbus	Gygaxson
Gygaxigon	Gygaxson
Gygaxson	Gygaxson
Gygaxxor	Gygaxson
Eoghughagni	Hagni
Hagni	Hagni
Hairytoes	Hairytoes
Halfsquatch	Halfsquatch
Hamb	Hamb
Arazmus	Hamelton
Bualtar	Hamelton
Comicus	Hamelton
Darlandru	Hamelton
Ferdanan	Hamelton
Hamelton	Hamelton
Heinrick	Hamelton
Hienrick	Hamelton
Mardain	Hamelton
Nickademus	Hamelton
Ronaldo	Hamelton
Hammerforth	Hammerforth
Hammerförth	Hammerforth
Bottles	Hardcoarsux
Fizzlefrost	Hardcoarsux
Honkyhuman	Hardcoarsux
Jeffpesos	Hardcoarsux
Chargingup	Harris
Harris	Harris
Harrispilton	Harris
Ingoodhands	Harris
Hatehealer	Hatewarrior
Hatehunter	Hatewarrior
Hatewarrior	Hatewarrior
Mtanky	Hatewarrior
Havac	Havac
Havec	Havac
Hawgro	Hawg
Sweethawg	Hawg
Fathernick	Hctanked
Hcessence	Hctanked
Hcfrostbloom	Hctanked
Hcfrosty	Hctanked
Hctanked	Hctanked
Hctanked/Hcfrostbloom	Hctanked
Hctanked/Hcfrosty	Hctanked
Hctanks	Hctanked
Hctanks/Hcfrosty	Hctanked
Nofears	Hctanked
Renewbrew	Hctanked
Helian	Helian
Henrin	Henrin
Hezko	Hezko
Hilaryatmax	Hilaryatmax
Himeothy	Himeothy
Holdmybow	Holdmybow
Lintsnatcher	Holdmybow
Pullnpray	Holdmybow
Hollyhunter	Hollyhunter
Ichooselife	Hollyhunter
Holymarxx	Holymarxx
Shadowmarxx	Holymarxx
Catrodent	Hoodrodent
Churchrodent	Hoodrodent
Graverodent	Hoodrodent
Gunrodent	Hoodrodent
Holyrodent	Hoodrodent
Hoodrodent	Hoodrodent
Hoodrodent/Catrodent	Hoodrodent
Stabrodent	Hoodrodent
Warrodent	Hoodrodent
Alejandra	Hordeslayerr
Excedrin	Hordeslayerr
Hordeslayer	Hordeslayerr
Hordeslayerr	Hordeslayerr
Scarlètt	Hordeslayerr
Humdeedum	Humdeedum
Ajina	Hysla
Aneara	Hysla
Danile	Hysla
Hysla	Hysla
Icaris	Hysla
Kitajima	Hysla
Nalis	Hysla
Namari	Hysla
Silverlether	Hysla
Silverpots	Hysla
Silverswares	Hysla
Silvertailor	Hysla
Silverwares	Hysla
Zeana	Hysla
Iampenny	Iampenny
Iasis	Iasis
Bloodthirst	Iceshards
Iceshards	Iceshards
Nights	Iceshards
Prayinghands	Iceshards
Trilline	Illumanatis
Imgonnagetyu	Imgonnagetyu
Impshot	Impshot
Ironfusion	Ironfusion
Ishares	Ishares
Aosika	Isol
Isol	Isol
Avarice	Ixtali
Åvarice	Ixtali
Ixtali	Ixtali
Ixtali(Avarice)	Ixtali
Vexana	Ixtali
Vexavarice	Ixtali
Jadiaz	Jadiaz
Jadiaz3399	Jadiaz
Jjadiazz	Jadiaz
Janetgoff	Janetgoff
Wantobeninja	Janetgoff
Janskylar/Shadowtorch	Janskylar
Jarlaswole	Jar
Aressi	Jarn
Banqalc	Jarn
Banqcoa	Jarn
Banqore	Jarn
Basche	Jarn
Clayne	Jarn
Courtanganet	Jarn
Dawngarden	Jarn
DrDrainiac	Jarn
Ghaunt	Jarn
Gilnte	Jarn
Glinte	Jarn
Jarn	Jarn
Nione	Jarn
Nios	Jarn
Qarn	Jarn
Rootclaw	Jarn
Ruce	Jarn
Ruke	Jarn
Shadowshrike	Jarn
Soundchaser	Jarn
Ysgrafir	Jarn
Zardjis	Jarn
Zypkyxzyklyz	Jarn
Finzenstein	Jawnny
Jawnine	Jawnny
Jawnny	Jawnny
Jawntard	Jawnny
Legallyblond	Jawnny
Silentsmoke	Jawnny
Stewsday	Jawnny
Tartmart	Jawnny
Jayden	Jayden
Vlorp	Jayden
Jbhunter	Jbpaladin
Jbpaladin	Jbpaladin
Jbwarrior	Jbpaladin
Ðeadfrost	Jcesar
Hóly	Jcesar
Jcesar	Jcesar
Jcesar91	Jcesar
Juliocesar	Jcesar
Juliócesar	Jcesar
Jerith	Jerith
Paximus	Jerith
Paximus/Vangelis	Jerith
Vangelis	Jerith
Bellybelle	Jessebelle
Jellybelle	Jessebelle
Jessebell	Jessebelle
Jessebelle	Jessebelle
Jessebellë	Jessebelle
Darklightbnk	Jidden
Darklightgg	Jidden
Darklightjc	Jidden
Darklightjid	Jidden
Darklightnik	Jidden
Darklightwis	Jidden
Darklightwj	Jidden
Jidden	Jidden
Guccidumbled	Jier
JJC	JJC
Skcusdarb	JJC
Jnett	Jnett
Jnettbank	Jnett
Jnnett	Jnett
Johnbadrogue	Johnthishard
Johnsolodead	Johnthishard
Johnthishard	Johnthishard
Julietee	Juliettee
Juliettee	Juliettee
Warrfen	Juliettee
Kaeldan	Kaeldan
Valkyria	Kaeldan
Kaelyn	Kaelyn
Qaelyn	Kaelyn
Avexis	Kaiya
Gogglez	Kaiya
Kaiya	Kaiya
Kaiya/Pocketz	Kaiya
Pocketz	Kaiya
Teata	Kaiya
Câera	Kalleen
Kalleen	Kalleen
Karakis	Karakis
Karakisthree	Karakis
Katman	Katman
Basicallyegg	Katniss
Katniss	Katniss
Katniss/Basicallyegg/Fäith	Katniss
Thewildone	Katniss
Marvell	Kelere
Marvilley	Kelere
Elder	Nourish
Elehm	Nourish
Kelva	Nourish
Nourish	Nourish
Pilfer	Nourish
Hank	Kende
Kende	Kende
Cerrid	Kershain
Kershain	Kershain
Kilynn	Kershain
Arbiis	Kharn
Backupsbakup	Kharn
Celestìne	Kharn
Kharn	Kharn
Khârn	Kharn
Morgâna	Kharn
Reagnitz	Kharn
Cornshøt	Killacorn
Killacorn	Killacorn
Kilcloth	Kilroth
Kildottie	Kilroth
Kilherb	Kilroth
Kilina	Kilroth
Killroth	Kilroth
Kilminer	Kilroth
Kilraith	Kilroth
Kilrath	Kilroth
Kilre	Kilroth
Kilrina	Kilroth
Kilrish	Kilroth
Kilrith	Kilroth
Kilroth	Kilroth
Kilrothbank	Kilroth
Kilrothe	Kilroth
Tysh	Kilroth
Braiken	Kirinas
Kirinas	Kirinas
Ursoprot	Kirinas
Bancodiniple	Kmemesgroff
Canaglia	Kmemesgroff
Cannipple	Kmemesgroff
Cornhealio	Kmemesgroff
Feralnipple	Kmemesgroff
Fifthnipple	Kmemesgroff
Fourthnipple	Kmemesgroff
Holynipple	Kmemesgroff
Kernholio	Kmemesgroff
kmemesgroff	Kmemesgroff
Kmemesgroff	Kmemesgroff
Kmemesgroff/Fifthnipple	Kmemesgroff
Nipples	Kmemesgroff
Orionsnipple	Kmemesgroff
Ellaurinde	Kmoney
Ellaurindre	Kmoney
Kmoney	Kmoney
K-Money	Kmoney
Krew	Krew
Ultron	Krew
Bickusdigus	Kristinleah
Kristinheals	Kristinleah
Kristinleah	Kristinleah
Ohhnorun	Kristinleah
Ohmycastiel	Kristinleah
Ohmyword	Kristinleah
Ohmywordcad	Kristinleah
Ohmywordsap	Kristinleah
Rictusempra	Kristinleah
Kristu	Kristu
Muirta	Kristu
Sinaga	Kristu
Jora	Kurl
Keti	Kurl
Kurl	Kurl
Kysus	Kysus
Labuboom	Labubu
Lassabelyse	Lassabelyse
Dondai	Lasstyme
Latuyaguey	Latuyaguey
Damageme	Lawn
Jayare	Lawn
Lawn	Lawn
Lazuli	Lazuli
Lazulii	Lazuli
Gimleh	Leela
Aleyn	Leetownage
Criticize	Leetownage
Crossblessed	Leetownage
Elenbril	Leetownage
Frosticakes	Leetownage
Leetownage	Leetownage
Leetsbank	Leetownage
Lunarctic	Leetownage
Legacybow	Legacydeath
Legacycast	Legacydeath
Legacydeath	Legacydeath
LegacyDeath	Legacydeath
Legacyheals	Legacydeath
Legacyhonor	Legacydeath
Legacyshift	Legacydeath
Wibbies	Legacydeath
Levx	Levx
Lildrood	Lildrood
Lilfoxxlil	Lilfoxxlil
Lillandra	Lillandra
Whiskijack	Lillandra
Jannelle	Lindy
Lindii	Lindy
Lindy	Lindy
Lindybank	Lindy
Griplip	Lips
Listenpally	Listenpally
Tedyroosvelt	Listenpally
Arcat	Litterbox
Litterbox	Litterbox
LitterBox	Litterbox
Zwerkian	Litterbox
Lizzie	Lizzie
Lizzié	Lizzie
Lizzië	Lizzie
Lizzielock	Lizzie
Tiá	Lizzie
Lochlinban	Lochlinban
Logano	Logano
Avrony	Loopi
Loopdot	Loopi
Loopi	Loopi
Loopi/Loopidot	Loopi
Loopibank	Loopi
Loopiblast	Loopi
Loopidot	Loopi
Loopidru	Loopi
Loopishoot	Loopi
Loopishot	Loopi
Loopitoo	Loopi
Lorning	Lorning
Lotharadin	Lotharadin
TheSandman	Lotharadin
Lotsofpixels	Lotsofpixels
Lastluna	Luna
Lostluna	Luna
Luna	Luna
Lunashosaana	Luna
Lunashosana	Luna
Lunashosanna	Luna
Lunashosauna	Luna
Lunashoshana	Luna
Abbessa	Lyon
Blazeworth	Lyon
Daringleigh	Lyon
Derringeria	Lyon
Ellison	Lyon
Fieryrains	Lyon
Gemfyre	Lyon
Kaeshflame	Lyon
Knyghte	Lyon
Lyon	Lyon
Meadowlark	Lyon
Msteri	Lyon
Onerunner	Lyon
Osadova	Lyon
Santajohanna	Lyon
Smashtango	Lyon
Syrynn	Lyon
Tarot	Lyon
Maaleficant	Maaleficant
Macajust	Macajust
Madmartigam	Madmartigam
Madshots	Madstomp
Madspells	Madstomp
Madstomp	Madstomp
Madswords	Madstomp
Castironwill	Majic
Majic	Majic
MajicBannannas	Majic
Majinace	Majinace
Makenzi	Makenzi
Makenzi/Makleish	Makenzi
Maklear	Makenzi
Makleish	Makenzi
Makopa	Makenzi
Makoro	Makenzi
Makroge	Makenzi
Metalmax	Makenzi
Metalmax(Makenzi)	Makenzi
Astraë	Malek
Astraeon	Malek
Malek	Malek
Malek/Astrae	Malek
Manathibaric	Manathibaric
Mandretta	Mandretta
Hailmari	Mari
Hailmarii	Mari
Mariibank	Mari
Marrof	Marrof
Papasmollegs	Marrof
Dealsmayhem	Mayhem
Mayhem	Mayhem
Mayhemdruid	Mayhem
Mayhemlock	Mayhem
Mayhemmage	Mayhem
Mayhempally	Mayhem
Mayhempriest	Mayhem
Mayhemrogue	Mayhem
Mcdilda	Mcdilda
McDilda	Mcdilda
Mchuntze	Mcdilda
Mcmoisty	Mcdilda
Mctailer	Mcdilda
Mctwat	Mcdilda
Moisting	Mcdilda
Twaddle	Mcdilda
Mchealier	Mchealier
Bitlocker	Megabit
Gigabit	Megabit
Gigabite	Megabit
Kilobit	Megabit
Megabit	Megabit
Alchamel	Melissa
Ihatemagesxx	Melissa
Lottalocks	Melissa
Melissa	Melissa
Melissabanks	Melissa
Melissaemats	Melissa
Melissafmats	Melissa
Melissagear	Melissa
Melissahmats	Melissa
Melissalmats	Melissa
Melissam	Melissa
Melissamarie	Melissa
Melissammats	Melissa
Melissatmats	Melissa
Missypriest	Melissa
Questnfood	Melissa
Samndeanrock	Melissa
Mell	Mell
Astëria	Melmeows
Melaide	Melmeows
Mëlaide	Melmeows
Melmeows	Melmeows
Hellpee	Midgetcorn
Leptitjeremi	Midgetcorn
Lpnisdur	Midgetcorn
Lpnismou	Midgetcorn
Midgetcorn	Midgetcorn
Petsauce	Midgetcorn
Servietsky	Midgetcorn
Tabarnakk	Midgetcorn
Treesome	Midgetcorn
Minki	Minki
Bigbadlock	Miprecious
Loveheals	Miprecious
Lovemage	Miprecious
Miprecious	Miprecious
Alteros	Mirabetta
Mirabetta	Mirabetta
Bannasmire	Mire
Daralasmire	Mire
Gingermire	Mire
Goagainmire	Mire
Goagainmiree	Mire
Miire	Mire
Mire	Mire
Mireadon	Mire
Miredela	Mire
Soldioz	Mire
Tankymire	Mire
Chubby	Misfu
Chubsclicker	Misfu
Misfu	Misfu
Pine	Misfu
Misha	Misha
Van	Misha
Mithrandur	Mithrandur
Miyagi	Miyagi
Miyagishadow	Miyagi
Ceramon	Mizfortune
Flintfyrforg	Mizfortune
Flíntfyrforg	Mizfortune
Miz	Mizfortune
Mizfortune	Mizfortune
Mizplace	Mizfortune
Miztaken	Mizfortune
Miztep	Mizfortune
Naughttoday	Mizfortune
Mnor	Mnor
Mnordruid	Mnor
Mnormage	Mnor
Mnorpriest	Mnor
Mnorrog	Mnor
Mnorwarrior	Mnor
Mnorwarz	Mnor
Onor	Mnor
Gnolaxin	Molaxw
Molaxin	Molaxw
Molaxw	Molaxw
Camiell	Mordrewen
Moira	Mordrewen
Mordrewen	Mordrewen
Mordrewen/Moira/Camiell/Zandalar	Mordrewen
Zandalar	Mordrewen
Mothgf	Mothgf
Moymoymoymoy	Moymoymoymoy
Mugzu	Mugzu
Munchkinland	Munchkinland
Mushrum	Mushrum
Ironpaws	Mylord
Mylord	Mylord
Mylôrd	Mylord
Mystickoak	Mysticoak
Mysticoak	Mysticoak
Oakbanker	Mysticoak
Oakgotheals	Mysticoak
Oakshadon	Mysticoak
Oaksmash	Mysticoak
Naavren	Naavren
Nacer	Nacer
Nadilli	Nadilli
Naill	Naill
Nazo	Nazo
Nessa	Nessa
Xxan	Nessa
Xxap	Nessa
Xxero	Nessa
Kruge	Netsabre
Neverdied	Neverdied
Neverdieddrd	Neverdied
Neverdiedfm	Neverdied
Neverdiedh	Neverdied
Neverdiedm	Neverdied
Neverdiedmfr	Neverdied
Neverdiedpdn	Neverdied
Neverdiedpt	Neverdied
Neverdiedr	Neverdied
Neverdiedwrk	Neverdied
Neverdiedwrr	Neverdied
Nifesticker	Nifesticker
Runsonrage	Nifesticker
Sagero	Nifesticker
Nightology	Nightology
Sandyy	Nightology
Fightknight	Nightrunner
Nightrunner	Nightrunner
Gnippey	Nipsnatcher
Horndawgy	Nipsnatcher
Nipsnatcher	Nipsnatcher
Notquiteholy	Notquiteholy
Novalily	Novalily
Artemiz	Nyx
Kalia	Nyx
Nyx	Nyx
Bluegranit	Oldmanmike
Rabbitseason	Oldmanmike
Ole	Ole
Oletoro	Ole
Olitoro	Ole
Olletoro	Ole
Ollitoro	Ole
Avindeha	Oomi
Blankerz	Oomi
Boshido	Oomi
Esairia	Oomi
Frostynugz	Oomi
Gnoxious	Oomi
Oomi	Oomi
Oominaughty	Oomi
Shamalas	Oomi
Wearbare	Oomi
Oosie	Oosie
Oosiemoney	Oosie
Oosieptank	Oosie
Oosietank	Oosie
Oprecht	Oprecht
Spiegelbeeld	Oprecht
Orcbain	Orcbain
Phiendish	Orcbain
Blakthorn	Orchid
Gemeni	Orchid
Orchid	Orchid
Escudoro	Osoro
Muroro	Osoro
Oro	Osoro
Orochems	Osoro
Osoro	Osoro
Santoro	Osoro
Osunas	Osunas
Atéia	Overwoman
Bazzingah	Overwoman
Flôrinda	Overwoman
Overwoman	Overwoman
Padanfaine	Padanfaine
Paladarius	Paladarius
Lakey	Pallie
Lakéy	Pallie
Pallie	Pallie
Pallywoot	Pallywoot
Pandatown	Pandatown
Pangaea	Pangaean
Pangaean	Pangaean
Phyla	Pangaean
Pixies	Pangaean
Swiftthistle	Pangaean
Pargh	Parken
Parken	Parken
Wffl	Parken
Dirtysanta	Peagerm
Peagerm	Peagerm
Peagerm/DirtySanta	Peagerm
Reversesanta	Peagerm
Bankershank	Peeka
Peeka	Peeka
Peekapooh	Peeka
Vienasausage	Peeka
Waterbenderz	Peeka
Arya	Peerod
Nasuada	Peerod
Peerod	Peerod
Roran	Peerod
Tatertot	Peerod
Machinist	Perzeus
Perzeus	Perzeus
Phearce	Phearce
Chungismung	Phoenix
Phoenix	Phoenix
Jpmorgchase	Pij
Pij	Pij
Pijform	Pij
Pijhunt	Pij
Pijpally	Pij
Pijpally/Pijform	Pij
Pill	Pillbug
Pillbug	Pillbug
Valentïne	Pinche
Abelard	Pixley
Bolduc	Pixley
Grondahl	Pixley
Pixley	Pixley
Pixley/Grondahl	Pixley
Altoris	Plaguis
Darthplaguis	Plaguis
Demonplaguis	Plaguis
Morbis	Plaguis
Morbis/Plaguis	Plaguis
Morbis/Plaguis/Sidius	Plaguis
Plaguis	Plaguis
Sidius	Plaguis
Yodis	Plaguis
Bubblepoppa	Poppa
Butchcassidy	Poppa
Docbandit	Poppa
Jessejames	Poppa
Poppa	Poppa
Poppabandit	Poppa
Poppabanks	Poppa
Poppadoc	Poppa
Poppawolf	Poppa
Rustypoppa	Poppa
Smashbandit	Poppa
Soulpoppa	Poppa
Stashbandit	Poppa
Fynny	Portant
Phini	Portant
Portant	Portant
Puissant	Portant
Lebeau	Portnoy
Portnoy	Portnoy
Preamcie	Preamcie
Uncircumszd	Preamcie
Uncircumszd/Preamcie	Preamcie
Printscreen	Printscreen
Mient	Puckerz
Puckerz	Puckerz
Trackerz	Puckerz
Alivio	Puerta
Atica	Puerta
Carnicera	Puerta
Comida	Puerta
Correo	Puerta
Poción	Puerta
Puerta	Puerta
Puertaa	Puerta
Tierra	Puerta
Vendaje	Puerta
Ventana	Puerta
Pureviolence	Pureviolence
Purplecrayon	Purplecrayon
Rabone	Rabone
Redgrief	Rabone
Radrinton	Radrinton
Eldoche	Ralyne
Lourdes	Ralyne
Ralyne	Ralyne
Flare	Rarelyuseful
Rarelyuseful	Rarelyuseful
Veridiani	Rarelyuseful
Iamstd	Ravinlord
Ravinlord	Ravinlord
Rayrice	Rayrice
Lfgothmamixo	Recreannt
Recreannt	Recreannt
Recreannt/Lfgothmamixo	Recreannt
Recreantt	Recreannt
Redneckatar	Redneckatar
Barkax	Reed
Cradar	Reed
Peerax	Reed
Reed	Reed
Reedax	Reed
Sneekerzz	Reed
Bankop	Rerolles
Bonksiey	Rerolles
Cavinus	Rerolles
Celesare	Rerolles
Rerolles	Rerolles
Rerolles/WyteFox	Rerolles
Wytefox	Rerolles
Riig	Riig
Rinceround	Rincewind
Rincewind	Rincewind
Ripagane	Rip
Benviolo	Riplakish
Brothervita	Riplakish
Riplakish	Riplakish
Littlemountain	Rivendare
Rivenbank	Rivendare
Rivendare	Rivendare
Rizzen	Rizzen
Magex	Roguex
Priestx	Roguex
Roguex	Roguex
Everlast	Rum
Rum	Rum
Eyesonu	Rumee
Flipant	Rumee
Missroby	Rumee
Pattigrant	Rumee
Rumee	Rumee
Thomaz	Rumee
Tomgrant	Rumee
Run	Run
Bloodbandit	Rusty
Rusty	Rusty
Rustybubble	Rusty
Rustypriest	Rusty
Rustyshot	Rusty
Konjured	Salline
Salline	Salline
Salmonmanjoe	Salmonmanjoe
Barktwain	Sanierily
Janiercy	Sanierily
Mirasolo	Sanierily
Sanierily	Sanierily
Bambamsanta	Santa
Hohohealer	Santa
Magicsanta	Santa
Matysen	Santa
Quietsanta	Santa
Santa	Santa
Tankysanta	Santa
Theholysanta	Santa
Emberwing	Sayagirl
Holysaya	Sayagirl
Juniperfrost	Sayagirl
Saya	Sayagirl
Sayabanktoon	Sayagirl
Sayacloth	Sayagirl
Sayagirl	Sayagirl
Sayahunts	Sayagirl
Sayashapes	Sayagirl
Schmoigins	Schmoigins
Kelwina	Seawede
Landrint	Seawede
Maeres	Seawede
Maraes	Seawede
Seawede	Seawede
Tantharia	Seawede
Wenke	Seawede
Sebastiel	Sebastiel
Secondlifee	Secondlifee
Secondlifee-Hunter	Secondlifee
Selik	Selik
Selikk	Selik
Sessendra	Sessendra
Sylverdragon	Sessendra
Mcfrostyy	Seyeulb
Seydotter	Seyeulb
Seyeulb	Seyeulb
Seyheals	Seyeulb
Shay	Seyeulb
Shayswings	Seyeulb
Shadydaggers	Shady
Shadysheals	Shady
Vorlor	Shady
Sheila	Sheila
Swàmp	Sheila
Shivroy	Shivroy
Hugemcbigman	Shizzyfizzy
Shizzyfizzy	Shizzyfizzy
Shmearstain	Shmearstain
Shotguns	Shotguns
Holymoniez	Silfray
Lithina	Silfray
Silfray	Silfray
Silfraya	Silfray
Sillf	Silfray
Brianyanek	Sisterkumar
Herbmar	Sisterkumar
Pruina	Sisterkumar
Sisterkumar	Sisterkumar
Siuansanche	Siuansanche
Skizzlle	Skizzlle
Crashout	Smokie
Smokie	Smokie
Liqüidsnake	Snake
Snake	Snake
Sneakÿsnake	Snake
Sölidsnake	Snake
Rizzenforcer	Sneekerpimp
Snowbonks	Snowbonks
Snowdriver	Snowmagic
Snowfort	Snowmagic
Snowfun	Snowmagic
Snowhill	Snowmagic
Snowmagic	Snowmagic
Snowmelt	Snowmagic
Snowplace	Snowmagic
Snowshadow	Snowmagic
Snowshoe	Snowmagic
Snowtrack	Snowmagic
Snowtrack 	Snowmagic
Snuggles	Snuggles
Snuggles/ChillCosby	Snuggles
Dhbag	Solaurica
Guiltymage	Solaurica
Locktwelve	Solaurica
Lunarica	Solaurica
Panzeroo	Solaurica
Safesummon	Solaurica
Safesummons	Solaurica
Solaurica	Solaurica
Spinesurgeon	Solaurica
Stashblink	Solaurica
Tankaroo	Solaurica
Uhmbra	Solaurica
Veteris	Solaurica
Solidfreeze	Solidfreeze
Solidfreeze/Solidheals	Solidfreeze
Solidheals	Solidfreeze
Bukkekka	Sonzilbur
Diabeatus	Sonzilbur
Diabeetus	Sonzilbur
Grandpawz	Sonzilbur
Miabeth	Sonzilbur
Miabeth/Bukkekka	Sonzilbur
Sonzilbur	Sonzilbur
Wagni	Sonzilbur
Beastsprings	Springs
Bspring	Springs
Bsprings/Holyjosh	Springs
Holyjosh	Springs
Justdieing	Springs
Springs	Springs
jtown22.	Spunkiee
Spunkiee	Spunkiee
Doucmymana	Squit
Lezz	Squit
Srador	Sraiden
Sraidalthor	Sraiden
Sraidax	Sraiden
Sraiden	Sraiden
Sraidirfan	Sraiden
Sraidor	Sraiden
Deeveeant	Stankinfranz
Stankinfranz	Stankinfranz
Stankinlock	Stankinfranz
Castleblack	Starcommand
Crashbandit	Starcommand
Dergum	Starcommand
Duckpond	Starcommand
Hobbyshop	Starcommand
Leafnation	Starcommand
Loubo	Starcommand
Perfectdark	Starcommand
Starcommand	Starcommand
Worldsong	Starcommand
Balkroth	Steroidj
Destruam	Steroidj
Steriodj	Steroidj
Steroidj	Steroidj
Stonewielder	Stonewielder
Stormyice	Stormyj
Stormyj	Stormyj
StormyJ	Stormyj
Jonseybigby	StraightArrow
Louisebnice	StraightArrow
Maggieblue	StraightArrow
StraightArrow	StraightArrow
Somehobo	Sumhobo
Somehøbo	Sumhobo
Sumhobo	Sumhobo
SumHobo	Sumhobo
Summertemp	Summertemp
Suonevar	Suonevar
Tarynstarr	Suonevar
Guywitagun	Superbsodapop
Superbsodapop	Superbsodapop
Tosnhotballs	Superbsodapop
Supgnomie	Supgnomie
Guliah	Swordhunter
Guliahbank	Swordhunter
Sparklbottom	Swordhunter
Swordhunter	Swordhunter
Lindalee	Sylvandor
Sylvandor	Sylvandor
Sylvarra	Sylvarra
Gyli	Syruq
Hexil	Syruq
Onava	Syruq
Syruq	Syruq
Alicith	Taresitia
Andriand	Taresitia
Belisi	Taresitia
Calianiela	Taresitia
Charcuteri	Taresitia
Clickerator	Taresitia
Clickit	Taresitia
Couturier	Taresitia
Dappendaph	Taresitia
Darolais	Taresitia
Eloranne	Taresitia
Jandace	Taresitia
Jarlean	Taresitia
Kamorence	Taresitia
Kassandra	Taresitia
Leafage	Taresitia
Maramandra	Taresitia
Quesr	Taresitia
Tandrilia	Taresitia
Tandrillia	Taresitia
Taresitia	Taresitia
Targetaquird	Targetaquird
Teamocil	Teamocil
Teamocil/Zanotab	Teamocil
Teamocill	Teamocil
Zanotab	Teamocil
Teddybare	Teddy
Teddyhunter	Teddy
Teddymage	Teddy
Teddypaladin	Teddy
Teddyrogue	Teddy
Teddysmalls	Teddy
Teddytanks	Teddy
Teddytinker	Teddy
Teddywarrior	Teddy
Teddydruids	Teddydruids
Sphera	Tedgie
Tedgie	Tedgie
Teflon	Teflon
Teflonsaint	Teflon
Teflonstoic	Teflon
Nmcb133	Telea
Telea	Telea
Alyssteria	Teletort
Hcdbanker	Teletort
Hcdherber	Teletort
Teletort	Teletort
Tortport	Teletort
Torttort	Teletort
Natterfrost	Thegunshow
Thegunshow	Thegunshow
Thespian	Thespian
Thetarise	Thetarise
Thormhammer(Chance)	Thorm
Akjankins	Thormhammer
Biddie	Thormhammer
Thormhammer	Thormhammer
Thormranger	Thormhammer
Thormslam	Thormhammer
Thormstaff	Thormhammer
Amang	Thormortx
Thormort	Thormortx
Thormortx	Thormortx
Thormortxi	Thormortx
Thormotxii	Thormortx
Warreg	Thormortx
Alinea	Thrik
Apsalar	Thrik
Rhoka	Thrik
Thrik	Thrik
Kevllar	Thunderslash
Thunderslash	Thunderslash
Thurlz	Thurlz
Thurlz/Tryxi	Thurlz
Tryxi	Thurlz
Tryxii	Thurlz
Thymebank	Thymesis
Thymesis	Thymesis
Tightsqueeze	Tightsqueeze
Tightsqueezé	Tightsqueeze
TJ	TJ
Tjs	TJ
Tjsuqqs	TJ
Ironskin	Tobias
Tobias	Tobias
Yulame	Tobias
Tonguebath	Tonguebath
Toverlord	Toverlord
Bkal	Transfmer
Bkat	Transfmer
Dragonhunter	Transfmer
Perceptron	Transfmer
Transfmer	Transfmer
Azeira	Trisanna
Koranna	Trisanna
Raelianas	Trisanna
Rikosh	Trisanna
Trisanna	Trisanna
Bajablastois	Trpplqtrpndr
Bbaannkkstyy	Trpplqtrpndr
Beneleven	Trpplqtrpndr
Dbblqtrpndr	Trpplqtrpndr
Dragginnut	Trpplqtrpndr
Trpplqtrpndr	Trpplqtrpndr
Alibaba	Tude
Bbaysum	Tude
Burgerstand	Tude
Darntrans	Tude
Defyer	Tude
Fizi	Tude
Hitchhike	Tude
Melaywiz	Tude
Stepmom	Tude
Tude	Tude
Ubster	Tude
Warbiotch	Tude
Grootbank	Twicegroot
Grootmain	Twicegroot
Jaqueesha	Twicegroot
Twicegroot	Twicegroot
Umpleesto	Umpleesto
Bankgala	Ungala
Clothgala	Ungala
Ungala	Ungala
Ungaladin	Ungala
Ungalla	Ungala
Ungola	Ungala
Iekomata	Ushinata
Mayonnaka	Ushinata
Ushinata	Ushinata
Ushinatta	Ushinata
Drquack	Utena
Duskraven	Utena
Ovida	Utena
Utena	Utena
Goldmensac	Valgar
Malkorin	Valgar
Newflesh	Valgar
Valgar	Valgar
Videodrome	Valgar
Valque	Valque
Valque/Zyndd	Valque
Zyndd	Valque
Valya	Valya
Valyant	Valya
Vaughn	Vaughn
Vaughnsolo	Vaughn
Vellindre	Vellindre
Arrgento	Veloz
Veloz	Veloz
Velozaah	Veloz
Velozahh	Veloz
Velozameth	Veloz
Veltarion	Veltarion
Naaro	Vestoo
Vestaa	Vestoo
Vestabs	Vestoo
Vestobank	Vestoo
Vestoo	Vestoo
Vi	Vi
Vibowspamiií	Vi
Vifirstmonk	Vi
Vilibrarian	Vi
Visboutique	Vi
Visfwar	Vi
Visworddance	Vi
Vslaughterer	Vi
Vidic	Vidic
Wandjobtwo	Vidic
Vikn	Vikn
Vorheeis	Vorheeis
Whipp	Whippel
Whippel	Whippel
Bigken	Whokilledme
Cansomeone	Whokilledme
Myauctionguy	Whokilledme
Nearestgrave	Whokilledme
Renchman	Whokilledme
Sixtybound	Whokilledme
Thatway	Whokilledme
Whokilledme	Whokilledme
Wlock	Woolfi
Woolfi	Woolfi
Wyldhacks	Wyldspellz
Wyldspellz	Wyldspellz
Wyldstabz	Wyldspellz
Xzenks	Xzinks
Xzinks	Xzinks
Yeetbeeter	Yeetbeeter
Abbub	Yesac
Ecreip	Yesac
Pimientito	Yesac
Pimiento	Yesac
Xelandra	Yesac
Yesac	Yesac
Yesak	Yesac
Nullis	Yire
Olis	Yire
Yire	Yire
Kalamitee	Ynott
Tanabank	Ynott
Ynott	Ynott
Yuriv	Yuriv
Crackerjoe	Zalf
Kavlorr	Zalf
Shadowstp	Zalf
Shall	Zalf
Zalf	Zalf
Zalf/Crackerjoe/Kelbboo	Zalf
Zalf/Shall/Kavlorr/Crackerjoe	Zalf
Zalf/Shall/Kelbboo/Crackerjoe	Zalf
Ardwyck	Zarf
Xarf	Zarf
Zarf	Zarf
Saambell	Zecalion
Zecalion	Zecalion
Zerabae	Zerabae
Zerabaebe	Zerabae
Zerabaenk	Zerabae
Zerabaest	Zerabae
Zorosdad	Zorosdad
Archibauld	Zua
Hespero	Zua
Zua	Zua
Eileith	Eileith
Ixa	Ixa
Paendis	Adanis
Laboveda	Adanis
Ticonderoga	Twicegroot
Sochilly	Kaiya
Akirasama	Barbablanca
Cryöfröst	Cryofrost
Zenos	Cryofrost
Cryofrost	Cryofrost
Preowndprius	Murlocs
Sickantired	Murlocs
Ihatemurloks	Murlocs
Murlocs	Murlocs
Arin	Becxi
Radbrawler	Radbowmaster
Radbowmaster	Radbowmaster
Kioku	Barbablanca
Mafuf	Glothur
Adorbius	Juliettee
Mongoosie	Mongoosie
Hawkdriver	Luckyducker
Samsdad	Luckyducker
Luckyducker	Luckyducker
Blastme	Blastme
Blastmetwo	Blastme
Bunbuns	Bunney
Murlocs/J	Murlocs
Viswordance	Vi
Pangean	Pangaean
Teddywar	Teddy
Nadilli/Pwiesty	Nadilli
Zarrf	Zarf
Borandis	Dotnrun
Dotoholic	Evolrider
Dirkli	Dirk
Dirk	Dirk
Donwoog	Donwoog
Satyrprom	Satyrprom
Delockette	Dehuntress
Jubejube	Jubejube
Bigcword	Fruitless
Tamz	Ballztam
Trio	Trio
Radbowmaster/Radblizfrost	Radbowmaster
Tubobutter	Tubobutter
